source,target
Velerad,Geralt
Velerad,Geralt
Geralt,Velerad
Velerad,Ostrit
Geralt,Velerad
Velerad,Ostrit
Ostrit,Adda
Velerad,Ostrit
Ostrit,Adda
Velerad,Ostrit
Ostrit,Adda
Velerad,Ostrit
Ostrit,Adda
Adda,Segelin
Segelin,Ostrit
Velerad,Ostrit
Ostrit,Adda
Adda,Segelin
Segelin,Ostrit
Adda,Segelin
Segelin,Ostrit
Segelin,Ostrit
Segelin,Ostrit
Ostrit,Velerad
Segelin,Ostrit
Ostrit,Velerad
Geralt,Foltest
Geralt,Foltest
Geralt,Foltest
Geralt,Foltest
Geralt,Foltest
Geralt,Foltest
Geralt,Foltest
Geralt,Foltest
Geralt,Foltest
Foltest,Geralt
Foltest,Geralt
Geralt,Foltest
Foltest,Geralt
Foltest,Geralt
Foltest,Geralt
Foltest,Geralt
Foltest,Geralt
Geralt,Foltest
Geralt,Foltest
Foltest,Adda
Geralt,Foltest
Foltest,Adda
Geralt,Foltest
Foltest,Adda
Geralt,Foltest
Foltest,Adda
Foltest,Adda
Geralt,Foltest
Geralt,Foltest
Geralt,Foltest
Foltest,Geralt
Foltest,Geralt
Foltest,Geralt
Foltest,Geralt
Foltest,Geralt
Geralt,Foltest
Geralt,Foltest
Geralt,Ostrit
Geralt,Ostrit
Geralt,Ostrit
Geralt,Ostrit
Ostrit,Geralt
Ostrit,Geralt
Geralt,Ostrit
Ostrit,Geralt
Geralt,Ostrit
Geralt,Ostrit
Geralt,Ostrit
Geralt,Ostrit
Ostrit,Geralt
Ostrit,Geralt
Ostrit,Geralt
Ostrit,Geralt
Ostrit,Geralt
Ostrit,Geralt
Geralt,Ostrit
Velerad,Segelin
Velerad,Segelin
Velerad,Segelin
Velerad,Segelin
Velerad,Segelin
Velerad,Segelin
Ostrit,Foltest
Ostrit,Foltest
Ostrit,Foltest
Ostrit,Foltest
Foltest,Velerad
Foltest,Velerad
Foltest,Velerad
Foltest,Velerad
Foltest,Velerad
Foltest,Velerad
Ostrit,Geralt
Geralt,Ostrit
Geralt,Ostrit
Geralt,Ostrit
Geralt,Ostrit
Ostrit,Geralt
Ostrit,Geralt
Ostrit,Foltest
Ostrit,Foltest
Ostrit,Foltest
Foltest,Geralt
Geralt,Adda
Geralt,Adda
Geralt,Adda
Geralt,Adda
Geralt,Adda
Ostrit,Geralt
Geralt,Ostrit
Ostrit,Geralt
Geralt,Ostrit
Geralt,Ostrit
Geralt,Ostrit
Geralt,Ostrit
Geralt,Ostrit
Geralt,Adda
Geralt,Adda
Geralt,Adda
Adda,Geralt
Adda,Geralt
Foltest,Geralt
Foltest,Geralt
Foltest,Geralt
Foltest,Geralt
Foltest,Geralt
Geralt,Velerad
Velerad,Geralt
Velerad,Geralt
Velerad,Geralt
Velerad,Geralt
Velerad,Geralt
Nenneke,Geralt
Nenneke,Geralt
Geralt,Nenneke
Geralt,Nenneke
Geralt,Nenneke
Geralt,Nenneke
Nenneke,Yennefer
Geralt,Nenneke
Nenneke,Yennefer
Yennefer,Nenneke
Geralt,Nenneke
Nenneke,Yennefer
Yennefer,Nenneke
Yennefer,Nenneke
Yennefer,Nenneke
Yennefer,Nenneke
Geralt,Nenneke
Geralt,Nenneke
Geralt,Nenneke
Geralt,Nenneke
Geralt,Nenneke
Geralt,Nenneke
Geralt,Nenneke
Geralt,Nenneke
Roach,Geralt
Roach,Geralt
Roach,Geralt
Geralt,Two
Two,Rulle
Two,Rulle
Two,Rulle
Rulle,Geralt
Two,Rulle
Rulle,Geralt
Rulle,Geralt
Rulle,Geralt
Geralt,Roach
Geralt,Roach
Geralt,Roach
Geralt,Roach
Geralt,Roach
Geralt,Roach
Geralt,Roach
Geralt,Roach
Roach,Geralt
Geralt,Roach
Roach,Geralt
Roach,Geralt
Roach,Geralt
Roach,Geralt
Geralt,Roach
Geralt,Roach
Geralt,Roach
Roach,Geralt
Geralt,Roach
Geralt,Roach
Geralt,Roach
Geralt,Roach
Geralt,Roach
Geralt,Roach
Geralt,Nivellen
Geralt,Nivellen
Geralt,Nivellen
Geralt,Nivellen
Geralt,Nivellen
Nivellen,Geralt
Nivellen,Geralt
Geralt,Nivellen
Geralt,Nivellen
Geralt,Nivellen
Geralt,Nivellen
Geralt,Nivellen
Geralt,Nivellen
Geralt,Nivellen
Geralt,Nivellen
Geralt,Nivellen
Geralt,Nivellen
Geralt,Nivellen
Geralt,Nivellen
Geralt,Nivellen
Geralt,Nivellen
Geralt,Nivellen
Nivellen,Geralt
Nivellen,Geralt
Nivellen,Geralt
Nivellen,Geralt
Nivellen,Geralt
Nivellen,Geralt
Glutton,Nivellen
Glutton,Nivellen
Glutton,Nivellen
Geralt,Fenne
Geralt,Fenne
Geralt,Fenne
Geralt,Fenne
Geralt,Fenne
Fenne,Nivellen
Fenne,Nivellen
Nivellen,Fenne
Fenne,Nivellen
Nivellen,Fenne
Fenne,Nivellen
Nivellen,Fenne
Fenne,Nivellen
Fenne,Nivellen
Nivellen,Fenne
Fenne,Nivellen
Nivellen,Fenne
Fenne,Nivellen
Fenne,Nivellen
Nivellen,Primula
Nivellen,Primula
Primula,Geralt
Primula,Geralt
Geralt,Primula
Primula,Geralt
Geralt,Primula
Primula,Geralt
Geralt,Primula
Geralt,Primula
Geralt,Primula
Primula,Geralt
Primula,Geralt
Primula,Geralt
Nivellen,Geralt
Nivellen,Geralt
Geralt,Primula
Primula,Ilka
Ilka,Venimira
Nivellen,Geralt
Geralt,Primula
Primula,Ilka
Ilka,Venimira
Nivellen,Geralt
Geralt,Primula
Primula,Ilka
Ilka,Venimira
Nivellen,Geralt
Geralt,Primula
Primula,Ilka
Ilka,Venimira
Geralt,Primula
Primula,Ilka
Ilka,Venimira
Primula,Ilka
Ilka,Venimira
Nivellen,Venimira
Nivellen,Venimira
Geralt,Nivellen
Geralt,Nivellen
Geralt,Nivellen
Geralt,Nivellen
Geralt,Nivellen
Geralt,Nivellen
Geralt,Nivellen
Geralt,Nivellen
Geralt,Nivellen
Nivellen,Roach
Geralt,Nivellen
Nivellen,Roach
Geralt,Nivellen
Nivellen,Roach
Geralt,Nivellen
Nivellen,Roach
Geralt,Nivellen
Nivellen,Roach
Roach,Glutton
Roach,Glutton
Glutton,Vereena
Glutton,Vereena
Glutton,Vereena
Vereena,Geralt
Glutton,Vereena
Vereena,Geralt
Vereena,Geralt
Geralt,Nivellen
Vereena,Geralt
Geralt,Nivellen
Geralt,Nivellen
Geralt,Nivellen
Nivellen,Geralt
Nivellen,Geralt
Nivellen,Geralt
Geralt,Vereena
Geralt,Vereena
Geralt,Vereena
Geralt,Vereena
Geralt,Vereena
Vereena,Geralt
Vereena,Geralt
Geralt,Nivellen
Vereena,Geralt
Geralt,Nivellen
Geralt,Nivellen
Geralt,Nivellen
Nivellen,Geralt
Geralt,Nivellen
Nivellen,Geralt
Nivellen,Geralt
Nivellen,Geralt
Nivellen,Geralt
Geralt,Nivellen
Geralt,Nivellen
Geralt,Nivellen
Geralt,Nivellen
Geralt,Nivellen
Nivellen,Geralt
Nivellen,Geralt
Roach,Geralt
Roach,Geralt
Roach,Geralt
Geralt,Roach
Roach,Geralt
Geralt,Roach
Roach,Geralt
Geralt,Roach
Geralt,Roach
Roach,Geralt
Roach,Geralt
Vereena,Nivellen
Vereena,Nivellen
Vereena,Nivellen
Vereena,Nivellen
Nivellen,Vereena
Vereena,Nivellen
Nivellen,Vereena
Nivellen,Vereena
Vereena,Geralt
Vereena,Geralt
Vereena,Geralt
Geralt,Nivellen
Geralt,Nivellen
Nivellen,Geralt
Geralt,Nivellen
Nivellen,Geralt
Geralt,Nivellen
Nivellen,Geralt
Geralt,Nivellen
Nivellen,Geralt
Geralt,Nivellen
Geralt,Nivellen
Nivellen,Geralt
Geralt,Nivellen
Geralt,Nivellen
Nivellen,Geralt
Geralt,Nivellen
Nivellen,Geralt
Geralt,Nivellen
Nivellen,Geralt
Geralt,Nivellen
Nivellen,Geralt
Geralt,Nivellen
Nivellen,Geralt
Geralt,Nivellen
Nivellen,Geralt
Vereena,Nivellen
Vereena,Nivellen
Vereena,Nivellen
Vereena,Nivellen
Vereena,Nivellen
Vereena,Nivellen
Nivellen,Geralt
Nivellen,Geralt
Geralt,Nivellen
Nivellen,Geralt
Geralt,Nivellen
Geralt,Nivellen
Geralt,Nivellen
Geralt,Nivellen
Nivellen,Geralt
Nivellen,Geralt
Nivellen,Geralt
Nivellen,Geralt
Geralt,Nivellen
Geralt,Nivellen
Geralt,Nivellen
Geralt,Nivellen
Geralt,Nivellen
Geralt,Nivellen
Geralt,Nivellen
Geralt,Nivellen
Geralt,Nivellen
Geralt,Falwick
Geralt,Falwick
Geralt,Falwick
Falwick,Geralt
Geralt,Falwick
Falwick,Geralt
Falwick,Geralt
Falwick,Geralt
Geralt,Nenneke
Geralt,Nenneke
Geralt,Nenneke
Nenneke,Geralt
Geralt,Hereward
Nenneke,Geralt
Geralt,Hereward
Nenneke,Geralt
Geralt,Hereward
Geralt,Hereward
Geralt,Hereward
Geralt,Hereward
Geralt,Nenneke
Nenneke,Hereward
Nenneke,Hereward
Nenneke,Hereward
Hereward,Geralt
Nenneke,Hereward
Hereward,Geralt
Nenneke,Hereward
Hereward,Geralt
Hereward,Geralt
Geralt,Nenneke
Nenneke,Falwick
Falwick,Nenneke
Falwick,Nenneke
Falwick,Geralt
Falwick,Geralt
Falwick,Geralt
Geralt,Falwick
Falwick,Geralt
Geralt,Falwick
Falwick,Nenneke
Falwick,Geralt
Geralt,Falwick
Falwick,Nenneke
Falwick,Geralt
Geralt,Falwick
Falwick,Nenneke
Falwick,Nenneke
Nenneke,Geralt
Geralt,Falwick
Falwick,Nenneke
Nenneke,Geralt
Geralt,Falwick
Nenneke,Geralt
Geralt,Falwick
Geralt,Falwick
Geralt,Falwick
Falwick,Geralt
Geralt,Falwick
Falwick,Geralt
Geralt,Hereward
Geralt,Hereward
Geralt,Hereward
Hereward,Falwick
Geralt,Hereward
Hereward,Falwick
Falwick,Nenneke
Geralt,Hereward
Hereward,Falwick
Falwick,Nenneke
Nenneke,Geralt
Hereward,Falwick
Falwick,Nenneke
Nenneke,Geralt
Falwick,Nenneke
Nenneke,Geralt
Falwick,Nenneke
Nenneke,Geralt
Nenneke,Geralt
Geralt,Nenneke
Geralt,Nenneke
Nenneke,Falwick
Nenneke,Falwick
Nenneke,Falwick
Nenneke,Falwick
Falwick,Nenneke
Nenneke,Falwick
Falwick,Nenneke
Falwick,Nenneke
Nenneke,Falwick
Falwick,Hereward
Falwick,Hereward
Hereward,Ermellia
Hereward,Ermellia
Hereward,Ermellia
Hereward,Ermellia
Falwick,Geralt
Falwick,Geralt
Falwick,Geralt
Falwick,Geralt
Falwick,Geralt
Falwick,Geralt
Nenneke,Falwick
Nenneke,Falwick
Falwick,Hereward
Nenneke,Falwick
Falwick,Hereward
Falwick,Hereward
Falwick,Hereward
Falwick,Hereward
Hereward,Falwick
Hereward,Falwick
Falwick,Nenneke
Falwick,Nenneke
Falwick,Nenneke
Falwick,Nenneke
Falwick,Nenneke
Dragomir,Trigla
Dragomir,Trigla
Dragomir,Trigla
Dragomir,Trigla
Dragomir,Trigla
Dragomir,Trigla
Geralt,Caldemeyn
Geralt,Caldemeyn
Geralt,Caldemeyn
Caldemeyn,Geralt
Geralt,Caldemeyn
Caldemeyn,Geralt
Geralt,Caldemeyn
Caldemeyn,Geralt
Caldemeyn,Geralt
Geralt,Caldemeyn
Geralt,Caldemeyn
Karelka,Borg
Karelka,Borg
Karelka,Borg
Karelka,Borg
Borg,Caldemeyn
Karelka,Borg
Borg,Caldemeyn
Karelka,Borg
Borg,Caldemeyn
Caldemeyn,Geralt
Caldemeyn,Geralt
Caldemeyn,Geralt
Caldemeyn,Geralt
Geralt,Irion
Geralt,Irion
Geralt,Irion
Geralt,Irion
Geralt,Irion
Irion,Caldemeyn
Caldemeyn,Geralt
Caldemeyn,Geralt
Caldemeyn,Geralt
Caldemeyn,Geralt
Geralt,Caldemeyn
Caldemeyn,Geralt
Geralt,Caldemeyn
Caldemeyn,Geralt
Caldemeyn,Geralt
Caldemeyn,Geralt
Caldemeyn,Geralt
Caldemeyn,Geralt
Geralt,Irion
Geralt,Irion
Geralt,Irion
Irion,Geralt
Irion,Geralt
Irion,Geralt
Geralt,Caldemeyn
Geralt,Caldemeyn
Geralt,Caldemeyn
Geralt,Caldemeyn
Caldemeyn,Geralt
Caldemeyn,Geralt
Caldemeyn,Geralt
Geralt,Caldemeyn
Geralt,Caldemeyn
Caldemeyn,Geralt
Caldemeyn,Geralt
Caldemeyn,Geralt
Caldemeyn,Geralt
Caldemeyn,Geralt
Geralt,Stregobor
Geralt,Stregobor
Geralt,Stregobor
Geralt,Stregobor
Stregobor,Geralt
Geralt,Stregobor
Stregobor,Geralt
Geralt,Stregobor
Stregobor,Geralt
Geralt,Stregobor
Geralt,Stregobor
Geralt,Stregobor
Stregobor,Geralt
Geralt,Stregobor
Stregobor,Geralt
Stregobor,Geralt
Geralt,Two
Geralt,Two
Geralt,Two
Geralt,Two
Geralt,Zavist
Geralt,Zavist
Geralt,Zavist
Geralt,Zavist
Eltibald,Geralt
Silvena,Fialka
Fialka,Evermir
Silvena,Fialka
Fialka,Evermir
Silvena,Fialka
Fialka,Evermir
Silvena,Fialka
Fialka,Evermir
Fialka,Evermir
Fialka,Evermir
Evermir,Abrad
Fredefalk,Aridea
Fredefalk,Aridea
Fredefalk,Aridea
Fredefalk,Aridea
Fredefalk,Aridea
Aridea,Geralt
Fredefalk,Aridea
Aridea,Geralt
Geralt,Fredefalk
Fredefalk,Aridea
Aridea,Fredefalk
Fredefalk,Aridea
Aridea,Fredefalk
Fredefalk,Geralt
Aridea,Fredefalk
Fredefalk,Geralt
Aridea,Fredefalk
Fredefalk,Geralt
Aridea,Fredefalk
Fredefalk,Geralt
Aridea,Fredefalk
Fredefalk,Geralt
Aridea,Geralt
Geralt,Stregobor
Geralt,Stregobor
Stregobor,Fredefalk
Fredefalk,Aridea
Geralt,Stregobor
Stregobor,Fredefalk
Fredefalk,Aridea
Geralt,Stregobor
Stregobor,Fredefalk
Fredefalk,Aridea
Geralt,Stregobor
Stregobor,Fredefalk
Fredefalk,Aridea
Stregobor,Fredefalk
Fredefalk,Aridea
Fredefalk,Aridea
Aridea,Fredefalk
Aridea,Fredefalk
Fredefalk,Renfri
Aridea,Fredefalk
Fredefalk,Renfri
Aridea,Fredefalk
Fredefalk,Renfri
Aridea,Fredefalk
Fredefalk,Renfri
Renfri,Aridea
Fredefalk,Renfri
Renfri,Aridea
Renfri,Aridea
Renfri,Aridea
Geralt,Stregobor
Stregobor,Eltibald
Geralt,Stregobor
Stregobor,Eltibald
Geralt,Stregobor
Stregobor,Eltibald
Geralt,Stregobor
Stregobor,Eltibald
Eltibald,Stregobor
Geralt,Stregobor
Stregobor,Eltibald
Eltibald,Stregobor
Geralt,Stregobor
Stregobor,Eltibald
Eltibald,Stregobor
Two,Vyr
Two,Vyr
Vyr,Nimir
Two,Vyr
Vyr,Nimir
Two,Vyr
Vyr,Nimir
Vyr,Nimir
Vyr,Nimir
Nohorn,Geralt
Nohorn,Geralt
Geralt,Tavik
Tavik,Nohorn
Geralt,Tavik
Tavik,Nohorn
Geralt,Tavik
Tavik,Nohorn
Geralt,Tavik
Tavik,Nohorn
Geralt,Tavik
Tavik,Nohorn
Tavik,Nohorn
Fifteen,Nohorn
Fifteen,Nohorn
Fifteen,Nohorn
Fifteen,Nohorn
Fifteen,Nohorn
Fifteen,Nohorn
Renfri,Nohorn
Renfri,Nohorn
Nohorn,Renfri
Renfri,Nohorn
Nohorn,Renfri
Renfri,Nohorn
Nohorn,Renfri
Renfri,Nohorn
Nohorn,Renfri
Renfri,Nohorn
Nohorn,Renfri
Renfri,Nohorn
Renfri,Nohorn
Nohorn,Tavik
Nohorn,Tavik
Nohorn,Tavik
Tavik,Fifteen
Tavik,Fifteen
Fifteen,Civril
Fifteen,Civril
Fifteen,Civril
Fifteen,Civril
Fifteen,Civril
Civril,Tavik
Tavik,Geralt
Tavik,Geralt
Geralt,Civril
Tavik,Geralt
Geralt,Civril
Tavik,Geralt
Geralt,Civril
Tavik,Geralt
Geralt,Civril
Tavik,Geralt
Geralt,Civril
Geralt,Civril
Civril,Tavik
Civril,Tavik
Tavik,Civril
Civril,Tavik
Tavik,Civril
Civril,Nohorn
Tavik,Civril
Civril,Nohorn
Tavik,Civril
Civril,Nohorn
Tavik,Civril
Civril,Nohorn
Nohorn,Fifteen
Civril,Nohorn
Nohorn,Fifteen
Nohorn,Fifteen
Fifteen,Nohorn
Nohorn,Fifteen
Fifteen,Nohorn
Nohorn,Fifteen
Fifteen,Nohorn
Nohorn,Fifteen
Fifteen,Nohorn
Nohorn,Fifteen
Nohorn,Fifteen
Nohorn,Fifteen
Fifteen,Geralt
Fifteen,Geralt
Nohorn,Fifteen
Fifteen,Tavik
Fifteen,Tavik
Fifteen,Tavik
Fifteen,Tavik
Fifteen,Tavik
Renfri,Civril
Renfri,Civril
Renfri,Civril
Renfri,Civril
Civril,Geralt
Civril,Geralt
Geralt,Renfri
Civril,Geralt
Geralt,Renfri
Renfri,Tavik
Civril,Geralt
Geralt,Renfri
Renfri,Tavik
Tavik,Renfri
Geralt,Renfri
Renfri,Tavik
Tavik,Renfri
Geralt,Renfri
Renfri,Tavik
Tavik,Renfri
Renfri,Tavik
Tavik,Renfri
Tavik,Renfri
Renfri,Caldemeyn
Renfri,Caldemeyn
Caldemeyn,Renfri
Caldemeyn,Renfri
Renfri,Geralt
Renfri,Geralt
Geralt,Renfri
Geralt,Renfri
Geralt,Renfri
Renfri,Caldemeyn
Caldemeyn,Geralt
Renfri,Caldemeyn
Caldemeyn,Geralt
Caldemeyn,Geralt
Caldemeyn,Geralt
Geralt,Renfri
Caldemeyn,Geralt
Geralt,Renfri
Renfri,Audoen
Caldemeyn,Geralt
Geralt,Renfri
Renfri,Audoen
Audoen,Renfri
Renfri,Audoen
Audoen,Renfri
Renfri,Audoen
Renfri,Audoen
Audoen,Renfri
Renfri,Audoen
Renfri,Audoen
Audoen,Renfri
Renfri,Audoen
Audoen,Renfri
Renfri,Audoen
Renfri,Audoen
Caldemeyn,Geralt
Caldemeyn,Geralt
Geralt,Renfri
Renfri,Geralt
Caldemeyn,Geralt
Geralt,Renfri
Renfri,Geralt
Geralt,Libushe
Caldemeyn,Geralt
Geralt,Renfri
Renfri,Geralt
Geralt,Libushe
Geralt,Renfri
Renfri,Geralt
Geralt,Libushe
Libushe,Geralt
Geralt,Renfri
Renfri,Geralt
Geralt,Libushe
Libushe,Geralt
Renfri,Geralt
Geralt,Libushe
Libushe,Geralt
Libushe,Geralt
Geralt,Renfri
Renfri,Stregobor
Renfri,Stregobor
Geralt,Renfri
Geralt,Renfri
Geralt,Renfri
Geralt,Renfri
Geralt,Stregobor
Geralt,Stregobor
Geralt,Stregobor
Stregobor,Audoen
Stregobor,Audoen
Stregobor,Audoen
Stregobor,Audoen
Audoen,Renfri
Audoen,Renfri
Audoen,Renfri
Renfri,Stregobor
Renfri,Stregobor
Renfri,Stregobor
Renfri,Stregobor
Renfri,Stregobor
Renfri,Stregobor
Stregobor,Renfri
Renfri,Geralt
Renfri,Geralt
Renfri,Geralt
Renfri,Geralt
Stregobor,Aridea
Stregobor,Aridea
Stregobor,Aridea
Stregobor,Aridea
Aridea,Renfri
Stregobor,Aridea
Aridea,Renfri
Stregobor,Aridea
Aridea,Renfri
Renfri,Geralt
Renfri,Geralt
Renfri,Geralt
Renfri,Geralt
Renfri,Geralt
Renfri,Geralt
Renfri,Geralt
Renfri,Geralt
Geralt,Renfri
Geralt,Renfri
Geralt,Renfri
Geralt,Renfri
Geralt,Renfri
Renfri,Geralt
Geralt,Stregobor
Renfri,Geralt
Geralt,Stregobor
Renfri,Geralt
Geralt,Stregobor
Renfri,Geralt
Geralt,Stregobor
Renfri,Geralt
Geralt,Stregobor
Geralt,Stregobor
Renfri,Geralt
Renfri,Geralt
Geralt,Renfri
Geralt,Renfri
Geralt,Renfri
Geralt,Renfri
Renfri,Geralt
Renfri,Geralt
Renfri,Geralt
Renfri,Geralt
Renfri,Geralt
Geralt,Renfri
Renfri,Geralt
Geralt,Renfri
Renfri,Geralt
Renfri,Geralt
Renfri,Geralt
Renfri,Geralt
Renfri,Geralt
Geralt,Renfri
Renfri,Geralt
Renfri,Geralt
Renfri,Geralt
Renfri,Geralt
Renfri,Geralt
Renfri,Geralt
Geralt,Renfri
Geralt,Renfri
Geralt,Renfri
Geralt,Renfri
Renfri,Marilka
Renfri,Marilka
Renfri,Marilka
Renfri,Marilka
Marilka,Geralt
Marilka,Geralt
Marilka,Geralt
Marilka,Geralt
Geralt,Audoen
Geralt,Audoen
Geralt,Audoen
Geralt,Fifteen
Geralt,Fifteen
Fifteen,Civril
Fifteen,Civril
Fifteen,Civril
Fifteen,Civril
Marilka,Geralt
Audoen,Caldemeyn
Audoen,Caldemeyn
Audoen,Caldemeyn
Caldemeyn,Renfri
Audoen,Caldemeyn
Caldemeyn,Renfri
Audoen,Caldemeyn
Caldemeyn,Renfri
Caldemeyn,Renfri
Renfri,Audoen
Renfri,Audoen
Audoen,Geralt
Audoen,Geralt
Audoen,Geralt
Audoen,Geralt
Geralt,Marilka
Geralt,Marilka
Marilka,Civril
Marilka,Civril
Marilka,Civril
Marilka,Civril
Marilka,Civril
Tavik,Nohorn
Tavik,Nohorn
Tavik,Nohorn
Tavik,Nohorn
Tavik,Nohorn
Tavik,Nohorn
Fifteen,Renfri
Fifteen,Renfri
Renfri,Nohorn
Fifteen,Renfri
Renfri,Nohorn
Fifteen,Renfri
Renfri,Nohorn
Renfri,Nohorn
Renfri,Nohorn
Nohorn,Geralt
Geralt,Renfri
Geralt,Renfri
Geralt,Renfri
Geralt,Renfri
Geralt,Renfri
Civril,Renfri
Civril,Renfri
Civril,Renfri
Civril,Renfri
Civril,Renfri
Fifteen,Civril
Fifteen,Civril
Fifteen,Civril
Fifteen,Civril
Civril,Geralt
Geralt,Tavik
Fifteen,Civril
Civril,Geralt
Geralt,Tavik
Civril,Geralt
Geralt,Tavik
Geralt,Tavik
Geralt,Tavik
Geralt,Tavik
Tavik,Geralt
Tavik,Geralt
Tavik,Geralt
Geralt,Tavik
Tavik,Geralt
Geralt,Tavik
Tavik,Geralt
Geralt,Nimir
Tavik,Geralt
Geralt,Tavik
Tavik,Geralt
Geralt,Nimir
Geralt,Tavik
Tavik,Geralt
Geralt,Nimir
Tavik,Geralt
Geralt,Nimir
Nimir,Fifteen
Tavik,Geralt
Geralt,Nimir
Nimir,Fifteen
Fifteen,Nohorn
Geralt,Nimir
Nimir,Fifteen
Fifteen,Nohorn
Nohorn,Fifteen
Fifteen,Nohorn
Nohorn,Fifteen
Fifteen,Nohorn
Nohorn,Fifteen
Fifteen,Nohorn
Nohorn,Fifteen
Nohorn,Fifteen
Fifteen,Nohorn
Fifteen,Nohorn
Fifteen,Nohorn
Nohorn,Civril
Civril,Nohorn
Fifteen,Nohorn
Nohorn,Civril
Civril,Nohorn
Fifteen,Nohorn
Nohorn,Civril
Civril,Nohorn
Nohorn,Civril
Civril,Nohorn
Nohorn,Civril
Civril,Nohorn
Nohorn,Civril
Civril,Nohorn
Civril,Nohorn
Nohorn,Civril
Civril,Nohorn
Civril,Nohorn
Nohorn,Civril
Civril,Nohorn
Civril,Nohorn
Civril,Nohorn
Nohorn,Renfri
Renfri,Geralt
Renfri,Geralt
Renfri,Geralt
Renfri,Geralt
Renfri,Geralt
Renfri,Geralt
Renfri,Geralt
Geralt,Renfri
Geralt,Renfri
Geralt,Renfri
Geralt,Renfri
Renfri,Geralt
Renfri,Geralt
Geralt,Renfri
Geralt,Renfri
Geralt,Renfri
Geralt,Renfri
Geralt,Renfri
Geralt,Renfri
Geralt,Renfri
Geralt,Renfri
Geralt,Renfri
Geralt,Renfri
Geralt,Renfri
Renfri,Geralt
Renfri,Geralt
Renfri,Geralt
Renfri,Geralt
Renfri,Geralt
Renfri,Geralt
Renfri,Geralt
Renfri,Geralt
Renfri,Geralt
Renfri,Geralt
Renfri,Geralt
Geralt,Caldemeyn
Geralt,Caldemeyn
Geralt,Caldemeyn
Geralt,Caldemeyn
Geralt,Caldemeyn
Geralt,Caldemeyn
Geralt,Caldemeyn
Adam,Geralt
Adam,Geralt
Adam,Geralt
Adam,Geralt
Geralt,Haxo
Geralt,Haxo
Geralt,Haxo
Geralt,Haxo
Geralt,Haxo
Geralt,Haxo
Geralt,Haxo
Roegner,Geralt
Geralt,Haxo
Geralt,Haxo
Haxo,Geralt
Haxo,Geralt
Haxo,Geralt
Haxo,Geralt
Haxo,Geralt
Haxo,Geralt
Geralt,Drogodar
Geralt,Drogodar
Drogodar,Two
Geralt,Drogodar
Drogodar,Two
Two,Geralt
Geralt,Haxo
Geralt,Drogodar
Drogodar,Two
Two,Geralt
Geralt,Haxo
Geralt,Drogodar
Drogodar,Two
Two,Geralt
Geralt,Haxo
Geralt,Drogodar
Drogodar,Two
Two,Geralt
Geralt,Haxo
Haxo,Eylembert
Two,Geralt
Geralt,Haxo
Haxo,Eylembert
Geralt,Haxo
Haxo,Eylembert
Eylembert,Drogodar
Eylembert,Drogodar
Eylembert,Drogodar
Eylembert,Drogodar
Pavetta,Eist
Pavetta,Eist
Pavetta,Eist
Pavetta,Eist
Eist,Crach
Eist,Crach
Eist,Crach
Crach,Draig
Crach,Draig
Draig,Eist
Eist,Drogodar
Draig,Eist
Eist,Drogodar
Drogodar,Fodcat
Fodcat,Wieldhill
Eist,Drogodar
Drogodar,Fodcat
Fodcat,Wieldhill
Eist,Drogodar
Drogodar,Fodcat
Fodcat,Wieldhill
Eist,Drogodar
Drogodar,Fodcat
Fodcat,Wieldhill
Wieldhill,Vissegerd
Eist,Drogodar
Drogodar,Fodcat
Fodcat,Wieldhill
Wieldhill,Vissegerd
Fodcat,Wieldhill
Wieldhill,Vissegerd
Geralt,Vridank
Vridank,Cerro
Geralt,Vridank
Vridank,Cerro
Vridank,Cerro
Vridank,Cerro
Vridank,Cerro
Vridank,Cerro
Drogodar,Geralt
Drogodar,Geralt
Drogodar,Geralt
Drogodar,Geralt
Drogodar,Geralt
Crach,Eist
Eist,Vissegerd
Crach,Eist
Eist,Vissegerd
Crach,Eist
Eist,Vissegerd
Crach,Eist
Eist,Vissegerd
Crach,Eist
Eist,Vissegerd
Crach,Eist
Eist,Vissegerd
Draig,Geralt
Draig,Geralt
Geralt,Draig
Draig,Eist
Geralt,Draig
Draig,Eist
Geralt,Draig
Draig,Eist
Geralt,Draig
Draig,Eist
Draig,Eist
Draig,Eist
Geralt,Drogodar
Geralt,Drogodar
Geralt,Drogodar
Geralt,Drogodar
Eist,Geralt
Eist,Geralt
Eist,Geralt
Eist,Geralt
Eist,Geralt
Geralt,Mousesack
Geralt,Mousesack
Geralt,Mousesack
Mousesack,Geralt
Geralt,Mousesack
Mousesack,Geralt
Geralt,Mousesack
Mousesack,Geralt
Geralt,Mousesack
Mousesack,Geralt
Geralt,Pavetta
Geralt,Pavetta
Pavetta,Vissegerd
Vissegerd,Drogodar
Pavetta,Vissegerd
Vissegerd,Drogodar
Pavetta,Vissegerd
Vissegerd,Drogodar
Drogodar,Geralt
Pavetta,Vissegerd
Vissegerd,Drogodar
Drogodar,Geralt
Pavetta,Vissegerd
Vissegerd,Drogodar
Drogodar,Geralt
Geralt,Pavetta
Vissegerd,Drogodar
Drogodar,Geralt
Geralt,Pavetta
Geralt,Pavetta
Geralt,Pavetta
Pavetta,Geralt
Geralt,Crach
Geralt,Crach
Geralt,Crach
Geralt,Crach
Crach,Geralt
Crach,Geralt
Crach,Geralt
Geralt,Eist
Geralt,Eist
Geralt,Eist
Geralt,Eist
Eist,Vissegerd
Vissegerd,Mousesack
Mousesack,Pavetta
Eist,Vissegerd
Vissegerd,Mousesack
Mousesack,Pavetta
Eist,Vissegerd
Vissegerd,Mousesack
Mousesack,Pavetta
Eist,Vissegerd
Vissegerd,Mousesack
Mousesack,Pavetta
Eist,Vissegerd
Vissegerd,Mousesack
Mousesack,Pavetta
Eist,Vissegerd
Vissegerd,Mousesack
Mousesack,Pavetta
Draig,Vissegerd
Draig,Vissegerd
Vissegerd,Geralt
Vissegerd,Geralt
Geralt,Vissegerd
Vissegerd,Geralt
Geralt,Vissegerd
Vissegerd,Geralt
Geralt,Vissegerd
Vissegerd,Geralt
Geralt,Vissegerd
Vissegerd,Geralt
Geralt,Mousesack
Mousesack,Pavetta
Geralt,Vissegerd
Vissegerd,Geralt
Geralt,Mousesack
Mousesack,Pavetta
Vissegerd,Geralt
Geralt,Mousesack
Mousesack,Pavetta
Geralt,Mousesack
Mousesack,Pavetta
Geralt,Mousesack
Mousesack,Pavetta
Mousesack,Pavetta
Roegner,Geralt
Roegner,Geralt
Geralt,Mousesack
Roegner,Geralt
Geralt,Mousesack
Roegner,Geralt
Geralt,Mousesack
Geralt,Mousesack
Mousesack,Geralt
Geralt,Mousesack
Mousesack,Geralt
Geralt,Pavetta
Mousesack,Geralt
Geralt,Pavetta
Geralt,Pavetta
Geralt,Pavetta
Geralt,Pavetta
Vissegerd,Pavetta
Vissegerd,Pavetta
Vissegerd,Pavetta
Pavetta,Geralt
Pavetta,Geralt
Geralt,Eist
Geralt,Eist
Geralt,Eist
Geralt,Eist
Eist,Geralt
Crach,Draig
Crach,Draig
Crach,Draig
Crach,Draig
Draig,Windhalm
Windhalm,Pavetta
Draig,Windhalm
Windhalm,Pavetta
Windhalm,Pavetta
Windhalm,Pavetta
Windhalm,Pavetta
Windhalm,Pavetta
Pavetta,Eist
Pavetta,Roegner
Pavetta,Roegner
Pavetta,Roegner
Roegner,Crach
Pavetta,Roegner
Roegner,Crach
Crach,Geralt
Pavetta,Roegner
Roegner,Crach
Crach,Geralt
Geralt,Pavetta
Roegner,Crach
Crach,Geralt
Geralt,Pavetta
Roegner,Crach
Crach,Geralt
Geralt,Pavetta
Crach,Geralt
Geralt,Pavetta
Geralt,Pavetta
Zatret,Rumplestelt
Zatret,Rumplestelt
Zatret,Rumplestelt
Pavetta,Geralt
Pavetta,Geralt
Pavetta,Geralt
Pavetta,Geralt
Pavetta,Geralt
Eist,Geralt
Geralt,Pavetta
Geralt,Pavetta
Geralt,Pavetta
Geralt,Pavetta
Geralt,Pavetta
Geralt,Pavetta
Geralt,Ravix
Geralt,Ravix
Geralt,Ravix
Ravix,Rainfarn
Geralt,Ravix
Ravix,Rainfarn
Rainfarn,Eist
Geralt,Ravix
Ravix,Rainfarn
Rainfarn,Eist
Geralt,Ravix
Ravix,Rainfarn
Rainfarn,Eist
Eist,Geralt
Rainfarn,Eist
Eist,Geralt
Rainfarn,Eist
Eist,Geralt
Eist,Geralt
Geralt,Roegner
Geralt,Pavetta
Geralt,Pavetta
Geralt,Pavetta
Pavetta,Geralt
Pavetta,Geralt
Eist,Draig
Eist,Draig
Eist,Draig
Eist,Draig
Draig,Rainfarn
Eist,Draig
Draig,Rainfarn
Eist,Draig
Draig,Rainfarn
Rainfarn,Pavetta
Pavetta,Eist
Rainfarn,Pavetta
Pavetta,Eist
Rainfarn,Pavetta
Pavetta,Eist
Pavetta,Eist
Pavetta,Eist
Pavetta,Eist
Pavetta,Geralt
Pavetta,Geralt
Pavetta,Geralt
Pavetta,Geralt
Eist,Geralt
Eist,Geralt
Geralt,Eist
Eist,Geralt
Geralt,Eist
Eist,Pavetta
Eist,Geralt
Geralt,Eist
Eist,Pavetta
Pavetta,Geralt
Geralt,Eist
Eist,Pavetta
Pavetta,Geralt
Geralt,Eist
Eist,Pavetta
Pavetta,Geralt
Eist,Pavetta
Pavetta,Geralt
Pavetta,Geralt
Geralt,Pavetta
Geralt,Pavetta
Geralt,Pavetta
Geralt,Pavetta
Pavetta,Geralt
Pavetta,Geralt
Pavetta,Geralt
Geralt,Fodcat
Fodcat,Drogodar
Geralt,Fodcat
Fodcat,Drogodar
Geralt,Fodcat
Fodcat,Drogodar
Geralt,Fodcat
Fodcat,Drogodar
Geralt,Fodcat
Fodcat,Drogodar
Geralt,Fodcat
Fodcat,Drogodar
Drogodar,Geralt
Two,Geralt
Two,Geralt
Two,Geralt
Geralt,Pavetta
Two,Geralt
Geralt,Pavetta
Geralt,Pavetta
Geralt,Pavetta
Geralt,Pavetta
Geralt,Pavetta
Geralt,Pavetta
Geralt,Pavetta
Geralt,Pavetta
Pavetta,Crach
Pavetta,Crach
Pavetta,Crach
Pavetta,Crach
Pavetta,Geralt
Geralt,Adalia
Geralt,Adalia
Adalia,Geralt
Geralt,Adalia
Adalia,Geralt
Adalia,Geralt
Adalia,Geralt
Geralt,Mousesack
Adalia,Geralt
Geralt,Mousesack
Geralt,Mousesack
Geralt,Mousesack
Geralt,Mousesack
Geralt,Mousesack
Mousesack,Eist
Eist,Pavetta
Eist,Pavetta
Eist,Pavetta
Pavetta,Eist
Eist,Pavetta
Pavetta,Eist
Pavetta,Eist
Pavetta,Eist
Rainfarn,Mousesack
Rainfarn,Mousesack
Rainfarn,Mousesack
Rainfarn,Mousesack
Rainfarn,Mousesack
Pavetta,Geralt
Pavetta,Geralt
Pavetta,Geralt
Pavetta,Geralt
Pavetta,Geralt
Pavetta,Geralt
Akerspaark,Roegner
Roegner,Pavetta
Roegner,Pavetta
Roegner,Pavetta
Roegner,Pavetta
Roegner,Pavetta
Eist,Pavetta
Eist,Pavetta
Pavetta,Geralt
Pavetta,Geralt
Geralt,Pavetta
Geralt,Pavetta
Geralt,Pavetta
Geralt,Pavetta
Mousesack,Pavetta
Pavetta,Geralt
Geralt,Pavetta
Pavetta,Geralt
Pavetta,Geralt
Pavetta,Geralt
Pavetta,Geralt
Rainfarn,Geralt
Rainfarn,Geralt
Rainfarn,Geralt
Rainfarn,Geralt
Rainfarn,Geralt
Geralt,Pavetta
Geralt,Pavetta
Geralt,Pavetta
Geralt,Pavetta
Geralt,Pavetta
Geralt,Pavetta
Geralt,Pavetta
Nenneke,Geralt
Nenneke,Geralt
Nenneke,Geralt
Roderick,Geralt
Roderick,Geralt
Roderick,Geralt
Geralt,Millet
Geralt,Millet
Geralt,Nan
Geralt,Nan
Nan,Geralt
Geralt,Nan
Nan,Geralt
Geralt,Nan
Nan,Geralt
Nan,Geralt
Nan,Geralt
Geralt,Dhun
Geralt,Dhun
Dhun,Geralt
Dhun,Geralt
Dhun,Geralt
Dhun,Geralt
Geralt,Dhun
Dhun,Geralt
Geralt,Dhun
Geralt,Dhun
Dhun,Geralt
Dhun,Geralt
Geralt,Dhun
Dhun,Geralt
Geralt,Dhun
Geralt,Dhun
Geralt,Dhun
Geralt,Dhun
Geralt,Dhun
Geralt,Dhun
Geralt,Dhun
Geralt,Dhun
Dhun,Geralt
Dhun,Geralt
Dhun,Geralt
Geralt,Dhun
Geralt,Dhun
Geralt,Dhun
Geralt,Dhun
Geralt,Dhun
Geralt,Dhun
Dhun,Nettly
Dhun,Nettly
Dhun,Nettly
Dhun,Nettly
Nettly,Dhun
Lille,Dhun
Lille,Dhun
Dhun,Geralt
Lille,Dhun
Dhun,Geralt
Lille,Dhun
Dhun,Geralt
Dhun,Geralt
Dhun,Geralt
Geralt,Dhun
Dhun,Nettly
Nettly,Dhun
Geralt,Dhun
Dhun,Nettly
Nettly,Dhun
Geralt,Dhun
Dhun,Nettly
Nettly,Dhun
Geralt,Dhun
Dhun,Nettly
Nettly,Dhun
Geralt,Dhun
Dhun,Nettly
Nettly,Dhun
Dhun,Lille
Geralt,Dhun
Dhun,Nettly
Nettly,Dhun
Dhun,Lille
Lille,Geralt
Lille,Geralt
Geralt,Lille
Geralt,Lille
Lille,Geralt
Geralt,Lille
Lille,Geralt
Geralt,Lille
Lille,Geralt
Geralt,Lille
Lille,Geralt
Lille,Geralt
Lille,Geralt
Lille,Geralt
Lille,Geralt
Lille,Geralt
Lille,Geralt
Lille,Geralt
Geralt,Dhun
Geralt,Dhun
Dhun,Nettly
Geralt,Dhun
Dhun,Nettly
Geralt,Dhun
Dhun,Nettly
Geralt,Dhun
Dhun,Nettly
Geralt,Dhun
Dhun,Nettly
Geralt,Lille
Geralt,Lille
Geralt,Lille
Geralt,Lille
Geralt,Lille
Lille,Geralt
Geralt,Lille
Lille,Geralt
Geralt,Lille
Geralt,Lille
Geralt,Lille
Geralt,Lille
Geralt,Lille
Lille,Dhun
Lille,Dhun
Lille,Dhun
Lille,Dhun
Lille,Dhun
Dhun,Lille
Dhun,Lille
Dhun,Lille
Dhun,Lille
Dhun,Lille
Lille,Dhun
Lille,Dhun
Dhun,Geralt
Dhun,Geralt
Geralt,Dhun
Dhun,Geralt
Geralt,Dhun
Dhun,Geralt
Geralt,Dhun
Dhun,Geralt
Geralt,Dhun
Geralt,Dhun
Dhun,Geralt
Dhun,Geralt
Dhun,Geralt
Dhun,Geralt
Dhun,Geralt
Dhun,Geralt
Geralt,Dhun
Dhun,Nettly
Dhun,Nettly
Dhun,Nettly
Dhun,Nettly
Dhun,Lille
Dhun,Lille
Dhun,Lille
Lille,Geralt
Geralt,Lille
Geralt,Lille
Lille,Geralt
Lille,Geralt
Geralt,Dhun
Geralt,Dhun
Geralt,Dhun
Geralt,Dhun
Dhun,Lille
Geralt,Dhun
Dhun,Lille
Geralt,Dhun
Dhun,Lille
Dhun,Lille
Dhun,Lille
Lille,Geralt
Lille,Geralt
Lille,Geralt
Geralt,Lille
Geralt,Lille
Lille,Dhun
Lille,Dhun
Lille,Dhun
Geralt,Dhun
Dhun,Nettly
Dhun,Nettly
Dhun,Nettly
Dhun,Nettly
Dhun,Nettly
Dhun,Nettly
Galarr,Geralt
Geralt,Galarr
Geralt,Galarr
Geralt,Galarr
Geralt,Galarr
Galarr,Torque
Galarr,Torque
Galarr,Torque
Galarr,Torque
Galarr,Torque
Torque,Galarr
Galarr,Geralt
Galarr,Geralt
Galarr,Geralt
Geralt,Torque
Geralt,Torque
Geralt,Torque
Torque,Galarr
Geralt,Torque
Torque,Galarr
Torque,Galarr
Torque,Galarr
Galarr,Vanadain
Vanadain,Toruviel
Toruviel,Galarr
Galarr,Vanadain
Vanadain,Toruviel
Toruviel,Galarr
Vanadain,Toruviel
Toruviel,Galarr
Galarr,Torque
Vanadain,Toruviel
Toruviel,Galarr
Galarr,Torque
Vanadain,Toruviel
Toruviel,Galarr
Galarr,Torque
Torque,Galarr
Vanadain,Toruviel
Toruviel,Galarr
Galarr,Torque
Torque,Galarr
Galarr,Filavandrel
Torque,Galarr
Galarr,Filavandrel
Torque,Galarr
Galarr,Filavandrel
Galarr,Filavandrel
Filavandrel,Galarr
Galarr,Filavandrel
Filavandrel,Galarr
Filavandrel,Galarr
Geralt,Vanadain
Geralt,Vanadain
Geralt,Vanadain
Geralt,Vanadain
Geralt,Vanadain
Vanadain,Toruviel
Vanadain,Toruviel
Toruviel,Geralt
Toruviel,Geralt
Toruviel,Geralt
Toruviel,Geralt
Toruviel,Geralt
Toruviel,Galarr
Galarr,Toruviel
Toruviel,Galarr
Galarr,Toruviel
Toruviel,Galarr
Galarr,Toruviel
Galarr,Toruviel
Galarr,Toruviel
Galarr,Toruviel
Geralt,Toruviel
Geralt,Toruviel
Geralt,Toruviel
Geralt,Toruviel
Geralt,Toruviel
Geralt,Toruviel
Toruviel,Geralt
Toruviel,Geralt
Geralt,Toruviel
Toruviel,Geralt
Geralt,Toruviel
Toruviel,Geralt
Geralt,Toruviel
Toruviel,Geralt
Geralt,Toruviel
Geralt,Toruviel
Toruviel,Torque
Toruviel,Torque
Toruviel,Torque
Torque,Vanadain
Toruviel,Torque
Torque,Vanadain
Toruviel,Torque
Torque,Vanadain
Torque,Vanadain
Vanadain,Galarr
Vanadain,Galarr
Galarr,Geralt
Vanadain,Galarr
Galarr,Geralt
Galarr,Geralt
Galarr,Geralt
Geralt,Torque
Galarr,Geralt
Geralt,Torque
Geralt,Torque
Torque,Toruviel
Torque,Toruviel
Torque,Toruviel
Torque,Toruviel
Toruviel,Geralt
Toruviel,Geralt
Toruviel,Geralt
Toruviel,Geralt
Toruviel,Geralt
Torque,Geralt
Torque,Geralt
Geralt,Torque
Geralt,Torque
Geralt,Torque
Geralt,Torque
Torque,Filavandrel
Geralt,Torque
Torque,Filavandrel
Geralt,Torque
Torque,Filavandrel
Geralt,Torque
Torque,Filavandrel
Geralt,Torque
Torque,Filavandrel
Torque,Filavandrel
Filavandrel,Geralt
Filavandrel,Geralt
Filavandrel,Geralt
Filavandrel,Geralt
Geralt,Filavandrel
Geralt,Filavandrel
Filavandrel,Toruviel
Toruviel,Filavandrel
Toruviel,Filavandrel
Filavandrel,Toruviel
Toruviel,Filavandrel
Filavandrel,Toruviel
Toruviel,Filavandrel
Filavandrel,Toruviel
Toruviel,Geralt
Toruviel,Filavandrel
Filavandrel,Toruviel
Toruviel,Geralt
Filavandrel,Toruviel
Toruviel,Geralt
Geralt,Filavandrel
Toruviel,Geralt
Geralt,Filavandrel
Geralt,Filavandrel
Geralt,Filavandrel
Filavandrel,Torque
Filavandrel,Torque
Filavandrel,Torque
Geralt,Filavandrel
Geralt,Filavandrel
Geralt,Filavandrel
Filavandrel,Toruviel
Filavandrel,Toruviel
Filavandrel,Toruviel
Filavandrel,Toruviel
Filavandrel,Toruviel
Filavandrel,Toruviel
Toruviel,Filavandrel
Toruviel,Filavandrel
Toruviel,Filavandrel
Filavandrel,Toruviel
Filavandrel,Torque
Filavandrel,Torque
Filavandrel,Torque
Filavandrel,Torque
Geralt,Filavandrel
Geralt,Filavandrel
Geralt,Filavandrel
Filavandrel,Torque
Filavandrel,Torque
Filavandrel,Torque
Filavandrel,Torque
Torque,Geralt
Torque,Geralt
Torque,Geralt
Torque,Geralt
Torque,Geralt
Torque,Geralt
Filavandrel,Lille
Filavandrel,Lille
Filavandrel,Lille
Lille,Filavandrel
Filavandrel,Toruviel
Filavandrel,Toruviel
Toruviel,Filavandrel
Filavandrel,Toruviel
Toruviel,Filavandrel
Filavandrel,Lille
Toruviel,Filavandrel
Filavandrel,Lille
Toruviel,Filavandrel
Filavandrel,Lille
Lille,Torque
Toruviel,Filavandrel
Filavandrel,Lille
Lille,Torque
Filavandrel,Lille
Lille,Torque
Torque,Lille
Lille,Filavandrel
Lille,Torque
Torque,Lille
Lille,Filavandrel
Torque,Lille
Lille,Filavandrel
Torque,Lille
Lille,Filavandrel
Lille,Filavandrel
Lille,Filavandrel
Lille,Filavandrel
Filavandrel,Toruviel
Filavandrel,Toruviel
Toruviel,Geralt
Filavandrel,Toruviel
Toruviel,Geralt
Geralt,Toruviel
Filavandrel,Toruviel
Toruviel,Geralt
Geralt,Toruviel
Filavandrel,Toruviel
Toruviel,Geralt
Geralt,Toruviel
Filavandrel,Toruviel
Toruviel,Geralt
Geralt,Toruviel
Geralt,Toruviel
Filavandrel,Geralt
Filavandrel,Geralt
Filavandrel,Geralt
Filavandrel,Geralt
Filavandrel,Geralt
Filavandrel,Geralt
Geralt,Toruviel
Toruviel,Geralt
Toruviel,Geralt
Toruviel,Geralt
Til,Torque
Til,Torque
Til,Torque
Til,Torque
Til,Torque
Torque,Geralt
Torque,Geralt
Geralt,Lille
Geralt,Lille
Geralt,Lille
Lille,Geralt
Lille,Geralt
Lille,Geralt
Geralt,Lille
Geralt,Lille
Geralt,Lille
Geralt,Lille
Geralt,Lille
Geralt,Nenneke
Geralt,Nenneke
Geralt,Nenneke
Geralt,Nenneke
Nenneke,Hereward
Nenneke,Hereward
Nenneke,Hereward
Hereward,Geralt
Hereward,Geralt
Geralt,Nenneke
Hereward,Geralt
Geralt,Nenneke
Hereward,Geralt
Geralt,Nenneke
Geralt,Nenneke
Geralt,Nenneke
Nenneke,Two
Nenneke,Two
Two,Nenneke
Nenneke,Two
Two,Nenneke
Two,Nenneke
Two,Nenneke
Two,Nenneke
Yennefer,Nenneke
Yennefer,Nenneke
Yennefer,Nenneke
Yennefer,Nenneke
Nenneke,Geralt
Nenneke,Geralt
Geralt,Yennefer
Nenneke,Geralt
Geralt,Yennefer
Geralt,Yennefer
Geralt,Yennefer
Geralt,Yennefer
Yennefer,Geralt
Geralt,Nenneke
Yennefer,Geralt
Geralt,Nenneke
Geralt,Nenneke
Geralt,Nenneke
Geralt,Nenneke
Geralt,Nenneke
Nenneke,Geralt
Geralt,Yennefer
Geralt,Yennefer
Nenneke,Geralt
Nenneke,Geralt
Nenneke,Geralt
Iola,Nenneke
Iola,Nenneke
Iola,Nenneke
Geralt,Yennefer
Geralt,Yennefer
Geralt,Yennefer
Yennefer,Til
Yennefer,Til
Yennefer,Til
Yennefer,Til
Yennefer,Til
Nenneke,Geralt
Nenneke,Geralt
Nenneke,Geralt
Nenneke,Geralt
Nenneke,Geralt
Valdo,Virginia
Valdo,Virginia
Valdo,Virginia
Valdo,Virginia
Virginia,Two
Valdo,Virginia
Virginia,Two
Virginia,Two
Two,Geralt
Two,Geralt
Two,Geralt
Two,Geralt
Chireadan,Vratimir
Chireadan,Vratimir
Vratimir,Geralt
Chireadan,Vratimir
Vratimir,Geralt
Geralt,Vratimir
Vratimir,Geralt
Geralt,Vratimir
Vratimir,Geralt
Geralt,Vratimir
Vratimir,Geralt
Geralt,Vratimir
Geralt,Vratimir
Vratimir,Geralt
Geralt,Vratimir
Geralt,Vratimir
Vratimir,Geralt
Vratimir,Geralt
Vratimir,Geralt
Geralt,Chireadan
Vratimir,Geralt
Geralt,Chireadan
Geralt,Chireadan
Geralt,Chireadan
Chireadan,Geralt
Chireadan,Geralt
Chireadan,Geralt
Geralt,Errdil
Geralt,Errdil
Geralt,Errdil
Errdil,Chireadan
Chireadan,Geralt
Errdil,Chireadan
Chireadan,Geralt
Errdil,Chireadan
Chireadan,Geralt
Chireadan,Geralt
Chireadan,Geralt
Chireadan,Geralt
Geralt,Vratimir
Geralt,Vratimir
Geralt,Vratimir
Geralt,Vratimir
Geralt,Vratimir
Vratimir,Geralt
Vratimir,Geralt
Errdil,Chireadan
Errdil,Chireadan
Errdil,Chireadan
Chireadan,Geralt
Chireadan,Geralt
Chireadan,Geralt
Chireadan,Geralt
Errdil,Chireadan
Errdil,Chireadan
Chireadan,Geralt
Chireadan,Geralt
Geralt,Beau
Chireadan,Geralt
Geralt,Beau
Beau,Chireadan
Chireadan,Geralt
Geralt,Beau
Beau,Chireadan
Geralt,Beau
Beau,Chireadan
Geralt,Beau
Beau,Chireadan
Beau,Chireadan
Chireadan,Errdil
Geralt,Chireadan
Geralt,Chireadan
Geralt,Chireadan
Chireadan,Yennefer
Geralt,Chireadan
Chireadan,Yennefer
Yennefer,Geralt
Geralt,Chireadan
Chireadan,Yennefer
Yennefer,Geralt
Geralt,Chireadan
Chireadan,Yennefer
Yennefer,Geralt
Yennefer,Geralt
Yennefer,Geralt
Geralt,Cerberus
Geralt,Cerberus
Geralt,Cerberus
Geralt,Cerberus
Geralt,Cerberus
Geralt,Beau
Geralt,Beau
Geralt,Cerberus
Geralt,Cerberus
Geralt,Cerberus
Geralt,Cerberus
Geralt,Cerberus
Geralt,Beau
Geralt,Beau
Geralt,Beau
Geralt,Beau
Geralt,Beau
Yennefer,Geralt
Yennefer,Geralt
Yennefer,Geralt
Yennefer,Geralt
Yennefer,Geralt
Yennefer,Geralt
Yennefer,Geralt
Yennefer,Geralt
Yennefer,Geralt
Yennefer,Geralt
Yennefer,Geralt
Geralt,Yennefer
Geralt,Yennefer
Geralt,Yennefer
Geralt,Yennefer
Yennefer,Geralt
Yennefer,Geralt
Geralt,Valdo
Yennefer,Geralt
Geralt,Valdo
Yennefer,Geralt
Geralt,Valdo
Geralt,Valdo
Geralt,Valdo
Valdo,Two
Valdo,Two
Valdo,Two
Two,Yennefer
Two,Yennefer
Two,Yennefer
Yennefer,Geralt
Yennefer,Geralt
Errdil,Chireadan
Errdil,Chireadan
Errdil,Chireadan
Errdil,Chireadan
Geralt,Chireadan
Geralt,Chireadan
Chireadan,Geralt
Geralt,Chireadan
Geralt,Chireadan
Geralt,Chireadan
Geralt,Chireadan
Vratimir,Yennefer
Vratimir,Yennefer
Vratimir,Yennefer
Vratimir,Yennefer
Vratimir,Yennefer
Chireadan,Geralt
Chireadan,Geralt
Chireadan,Geralt
Chireadan,Geralt
Geralt,Chireadan
Geralt,Chireadan
Chireadan,Yennefer
Geralt,Chireadan
Chireadan,Yennefer
Geralt,Chireadan
Chireadan,Yennefer
Chireadan,Yennefer
Chireadan,Yennefer
Geralt,Chireadan
Geralt,Chireadan
Geralt,Chireadan
Geralt,Chireadan
Geralt,Chireadan
Geralt,Chireadan
Yennefer,Geralt
Yennefer,Geralt
Yennefer,Geralt
Yennefer,Geralt
Yennefer,Geralt
Geralt,Yennefer
Geralt,Yennefer
Yennefer,Geralt
Yennefer,Geralt
Yennefer,Geralt
Yennefer,Geralt
Geralt,Yennefer
Geralt,Yennefer
Geralt,Yennefer
Virginia,Yennefer
Virginia,Yennefer
Virginia,Yennefer
Yennefer,Geralt
Yennefer,Geralt
Yennefer,Geralt
Geralt,Yennefer
Geralt,Yennefer
Chireadan,Yennefer
Chireadan,Yennefer
Chireadan,Yennefer
Chireadan,Yennefer
Chireadan,Yennefer
Yennefer,Chireadan
Yennefer,Chireadan
Beau,Geralt
Beau,Geralt
Geralt,Beau
Beau,Chireadan
Beau,Geralt
Geralt,Beau
Beau,Chireadan
Geralt,Beau
Beau,Chireadan
Chireadan,Yennefer
Geralt,Beau
Beau,Chireadan
Chireadan,Yennefer
Geralt,Beau
Beau,Chireadan
Chireadan,Yennefer
Beau,Chireadan
Chireadan,Yennefer
Yennefer,Beau
Yennefer,Beau
Yennefer,Beau
Beau,Chireadan
Yennefer,Beau
Beau,Chireadan
Yennefer,Beau
Beau,Chireadan
Beau,Chireadan
Chireadan,Yennefer
Chireadan,Yennefer
Yennefer,Geralt
Chireadan,Yennefer
Yennefer,Geralt
Yennefer,Geralt
Yennefer,Geralt
Yennefer,Geralt
Geralt,Yennefer
Geralt,Yennefer
Chireadan,Geralt
Chireadan,Geralt
Chireadan,Geralt
Chireadan,Geralt
Chireadan,Geralt
Geralt,Vratimir
Vratimir,Chireadan
Vratimir,Chireadan
Vratimir,Chireadan
Vratimir,Chireadan
Geralt,Chireadan
Geralt,Chireadan
Geralt,Chireadan
Geralt,Chireadan
Geralt,Chireadan
Geralt,Errdil
Errdil,Vratimir
Geralt,Errdil
Errdil,Vratimir
Vratimir,Laurelnose
Geralt,Errdil
Errdil,Vratimir
Vratimir,Laurelnose
Errdil,Vratimir
Vratimir,Laurelnose
Errdil,Vratimir
Vratimir,Laurelnose
Errdil,Vratimir
Vratimir,Laurelnose
Laurelnose,Chireadan
Chireadan,Geralt
Geralt,Laurelnose
Geralt,Laurelnose
Laurelnose,Yennefer
Geralt,Laurelnose
Laurelnose,Yennefer
Laurelnose,Yennefer
Laurelnose,Yennefer
Laurelnose,Yennefer
Krepp,Yennefer
Krepp,Yennefer
Krepp,Yennefer
Krepp,Yennefer
Yennefer,Geralt
Krepp,Yennefer
Yennefer,Geralt
Krepp,Yennefer
Yennefer,Geralt
Neville,Chireadan
Neville,Chireadan
Neville,Chireadan
Neville,Chireadan
Neville,Chireadan
Neville,Chireadan
Chireadan,Geralt
Chireadan,Geralt
Geralt,Chireadan
Chireadan,Geralt
Geralt,Chireadan
Geralt,Chireadan
Geralt,Chireadan
Chireadan,Yennefer
Geralt,Chireadan
Chireadan,Yennefer
Chireadan,Yennefer
Yennefer,Chireadan
Yennefer,Chireadan
Yennefer,Chireadan
Chireadan,Geralt
Chireadan,Geralt
Two,Geralt
Two,Geralt
Two,Geralt
Two,Geralt
Two,Geralt
Two,Geralt
Geralt,Laurelnose
Laurelnose,Geralt
Geralt,Chireadan
Geralt,Chireadan
Chireadan,Neville
Geralt,Chireadan
Chireadan,Neville
Geralt,Chireadan
Chireadan,Neville
Geralt,Chireadan
Chireadan,Neville
Geralt,Chireadan
Chireadan,Neville
Chireadan,Yennefer
Chireadan,Yennefer
Chireadan,Yennefer
Yennefer,Krepp
Chireadan,Yennefer
Yennefer,Krepp
Chireadan,Yennefer
Yennefer,Krepp
Krepp,Yennefer
Yennefer,Laurelnose
Yennefer,Krepp
Krepp,Yennefer
Yennefer,Laurelnose
Krepp,Yennefer
Yennefer,Laurelnose
Krepp,Yennefer
Yennefer,Laurelnose
Yennefer,Laurelnose
Laurelnose,Neville
Neville,Krepp
Yennefer,Laurelnose
Laurelnose,Neville
Neville,Krepp
Neville,Krepp
Neville,Krepp
Neville,Krepp
Neville,Krepp
Krepp,Geralt
Geralt,Chireadan
Krepp,Geralt
Geralt,Chireadan
Geralt,Chireadan
Geralt,Chireadan
Geralt,Chireadan
Geralt,Chireadan
Chireadan,Geralt
Chireadan,Geralt
Chireadan,Geralt
Chireadan,Geralt
Chireadan,Geralt
Neville,Yennefer
Neville,Yennefer
Yennefer,Krepp
Neville,Yennefer
Yennefer,Krepp
Neville,Yennefer
Yennefer,Krepp
Yennefer,Krepp
Yennefer,Krepp
Krepp,Neville
Krepp,Neville
Krepp,Neville
Neville,Yennefer
Krepp,Neville
Neville,Yennefer
Krepp,Neville
Neville,Yennefer
Krepp,Neville
Neville,Yennefer
Yennefer,Neville
Yennefer,Neville
Geralt,Geoffrey
Geralt,Geoffrey
Geralt,Geoffrey
Geralt,Geoffrey
Geoffrey,Krepp
Geralt,Geoffrey
Geoffrey,Krepp
Geralt,Geoffrey
Geoffrey,Krepp
Krepp,Geralt
Geralt,Krepp
Geralt,Krepp
Geralt,Krepp
Geralt,Krepp
Krepp,Geralt
Geralt,Yennefer
Geralt,Yennefer
Yennefer,Geralt
Yennefer,Geralt
Yennefer,Geralt
Yennefer,Geralt
Krepp,Neville
Krepp,Neville
Geralt,Krepp
Geralt,Krepp
Geralt,Krepp
Geralt,Krepp
Geralt,Krepp
Krepp,Geralt
Geralt,Krepp
Krepp,Geralt
Geralt,Neville
Geralt,Neville
Neville,Laurelnose
Neville,Laurelnose
Yennefer,Neville
Yennefer,Neville
Yennefer,Neville
Yennefer,Neville
Yennefer,Neville
Krepp,Chireadan
Krepp,Chireadan
Krepp,Chireadan
Chireadan,Geralt
Geralt,Eskel
Geralt,Eskel
Eskel,Vesemir
Geralt,Eskel
Eskel,Vesemir
Vesemir,Errdil
Geralt,Eskel
Eskel,Vesemir
Vesemir,Errdil
Geralt,Eskel
Eskel,Vesemir
Vesemir,Errdil
Eskel,Vesemir
Vesemir,Errdil
Vesemir,Errdil
Neville,Krepp
Neville,Krepp
Neville,Krepp
Neville,Krepp
Neville,Krepp
Neville,Krepp
Geralt,Chireadan
Geralt,Chireadan
Geralt,Chireadan
Geralt,Chireadan
Geralt,Chireadan
Geralt,Chireadan
Geralt,Krepp
Geralt,Krepp
Geralt,Krepp
Geralt,Krepp
Krepp,Neville
Geralt,Krepp
Krepp,Neville
Krepp,Neville
Neville,Chireadan
Chireadan,Geralt
Chireadan,Geralt
Geralt,Krepp
Geralt,Krepp
Geralt,Krepp
Geralt,Krepp
Geralt,Krepp
Yennefer,Errdil
Yennefer,Errdil
Yennefer,Errdil
Yennefer,Errdil
Yennefer,Errdil
Yennefer,Errdil
Yennefer,Geralt
Yennefer,Geralt
Yennefer,Geralt
Yennefer,Geralt
Yennefer,Geralt
Geralt,Yennefer
Geralt,Yennefer
Geralt,Yennefer
Yennefer,Geralt
Yennefer,Geralt
Yennefer,Geralt
Yennefer,Geralt
Geralt,Yennefer
Geralt,Yennefer
Geralt,Yennefer
Geralt,Yennefer
Geralt,Yennefer
Yennefer,Geralt
Yennefer,Geralt
Geralt,Yennefer
Yennefer,Geralt
Geralt,Yennefer
Yennefer,Geralt
Geralt,Yennefer
Yennefer,Geralt
Geralt,Yennefer
Geralt,Yennefer
Yennefer,Geralt
Yennefer,Geralt
Errdil,Yennefer
Errdil,Yennefer
Errdil,Yennefer
Yennefer,Geralt
Krepp,Neville
Krepp,Neville
Krepp,Neville
Krepp,Neville
Neville,Errdil
Neville,Errdil
Errdil,Geralt
Errdil,Geralt
Errdil,Geralt
Errdil,Geralt
Geralt,Yennefer
Geralt,Yennefer
Geralt,Yennefer
Krepp,Geralt
Krepp,Geralt
Yennefer,Geralt
Yennefer,Geralt
Geralt,Yennefer
Yennefer,Geralt
Geralt,Yennefer
Yennefer,Geralt
Geralt,Yennefer
Geralt,Yennefer
Geralt,Yennefer
Chireadan,Neville
Chireadan,Neville
Krepp,Errdil
Geralt,Neville
Geralt,Neville
Geralt,Neville
Geralt,Neville
Geralt,Neville
Geralt,Neville
Yennefer,Geralt
Geralt,Yennefer
Geralt,Yennefer
Geralt,Yennefer
Geralt,Yennefer
Geralt,Yennefer
Geralt,Yennefer
Vratimir,Krepp
Vratimir,Krepp
Vratimir,Krepp
Krepp,Yennefer
Krepp,Yennefer
Krepp,Yennefer
Yennefer,Krepp
Yennefer,Krepp
Krepp,Errdil
Krepp,Errdil
Krepp,Errdil
Errdil,Chireadan
Krepp,Errdil
Errdil,Chireadan
Krepp,Errdil
Errdil,Chireadan
Errdil,Chireadan
Chireadan,Yennefer
Chireadan,Yennefer
Yennefer,Errdil
Yennefer,Errdil
Yennefer,Errdil
Errdil,Chireadan
Errdil,Chireadan
Yennefer,Geralt
Yennefer,Geralt
Yennefer,Geralt
Yennefer,Geralt
Yennefer,Geralt
Yennefer,Geralt
Falwick,Geralt
Falwick,Geralt
Falwick,Geralt
Falwick,Geralt
Falwick,Geralt
Geralt,Falwick
Falwick,Geralt
Geralt,Falwick
Geralt,Falwick
Geralt,Falwick
Geralt,Falwick
Geralt,Falwick
Geralt,Falwick
Geralt,Falwick
Count,Geralt
Count,Geralt
Geralt,Dennis
Count,Geralt
Geralt,Dennis
Geralt,Dennis
Geralt,Dennis
Geralt,Dennis
Dennis,Falwick
Falwick,Geralt
Geralt,Dennis
Geralt,Dennis
Geralt,Dennis
Geralt,Falwick
Geralt,Falwick
Falwick,Geralt
Geralt,Nenneke
Geralt,Nenneke
Geralt,Nenneke
Geralt,Nenneke
Nenneke,Falwick
Falwick,Geralt
Falwick,Geralt
Falwick,Geralt
Geralt,Falwick
Falwick,Geralt
Falwick,Geralt
Geralt,Falwick
Falwick,Geralt
Geralt,Falwick
Falwick,Geralt
Geralt,Falwick
Falwick,Geralt
Geralt,Falwick
Geralt,Falwick
Falwick,Dennis
Falwick,Dennis
Falwick,Geralt
Falwick,Geralt
Falwick,Geralt
Falwick,Geralt
Geralt,Dennis
Falwick,Geralt
Geralt,Dennis
Falwick,Geralt
Geralt,Dennis
Dennis,Geralt
Dennis,Geralt
Dennis,Geralt
Geralt,Falwick
Geralt,Falwick
Geralt,Falwick
Falwick,Geralt
Geralt,Falwick
Falwick,Geralt
Geralt,Falwick
Falwick,Geralt
Geralt,Falwick
Geralt,Falwick
Geralt,Falwick
Geralt,Falwick
Dennis,Geralt
Dennis,Geralt
Dennis,Geralt
Dennis,Geralt
Dennis,Geralt
Geralt,Dennis
Geralt,Dennis
Dennis,Geralt
Dennis,Geralt
Dennis,Geralt
Geralt,Nenneke
Nenneke,Geralt
Nenneke,Geralt
Nenneke,Geralt
Geralt,Nenneke
Geralt,Nenneke
Geralt,Nenneke
Geralt,Nenneke
Nenneke,Geralt
Nenneke,Geralt
Nenneke,Geralt
Nenneke,Geralt
Nenneke,Geralt
Nenneke,Geralt
Geralt,Iola
Iola,Nenneke
Iola,Nenneke
Nenneke,Geralt
Nenneke,Geralt
Nenneke,Geralt
Nenneke,Geralt
Nenneke,Geralt
Geralt,Nenneke
Geralt,Nenneke
Geralt,Nenneke
Nenneke,Geralt
Geralt,Nenneke
Nenneke,Geralt
Geralt,Nenneke
Nenneke,Geralt
Nenneke,Geralt
